v1,v2
ham,"Texas leads nation in Candida auris cases as the drug-resistant fungus spreads - Houston Chronicle. Candida Auris is a type of yeast that can cause severe illness, mostly infecting patients in health care facilities Candida auris is a yeast that is resistant to antifungal drugs and can cause several illness. 
BSIP/Universal Images Group via Getty
An often drug resistant and sometimes deadly fungal infection ha… [+4316 chars]"
ham,"Pokémon Pokopia Expansion Pass—Part 1: Bubbly Basin is Available Today - Pokemon.com. The first part of the Pokémon Pokopia Expansion Pass is now available, introducing a charming underwater town. Ditto can use the newly added move Dive to dip below the waters surface and discover Bubbly Basina submerged town ready to be rebuilt! Team up with Popplio and tons of other Water-type Pokémon to res… [+744 chars]"
ham,"Call of Duty: Black Ops 2 Is One of the Best Selling Games of 2026, 14 Years After Its Initial Release - IGN. The recent PS4 and PS5 ports of Call of Duty: Black Ops 1 and 2 are already some of the best-selling games of the year, according to analysts. The recent PS4 and PS5 ports of Call of Duty: Black Ops 1 and 2 are already some of the best-selling games of the year, according to analysts.
Last month, Activision surprised Call of Duty fans by d… [+2466 chars]"
spam,DOCTORS STUNNED: Local doctor reveals 1 simple household ingredient that cures all viruses overnight!
ham,"Powerball jackpot soars to $786M: Expert tips for what to do if you win - Fox Business. A financial expert reveals the first steps a Powerball winner should take to protect the $786 million prize, minimize taxes, preserve privacy and avoid costly mistakes. The Powerball jackpot has ballooned to an estimated $786 million, putting one of the game’s biggest prizes ever up for grabs Wednesday night.
The jackpot now ranks as the ninth-largest in Powerball … [+3258 chars]"
spam,EXPOSED: Secret AI algorithm predicts exact winning lottery numbers every single week with 100% accuracy!
ham,"Disney Looking to Launch Free Streaming Channels as CEO Josh D’Amaro Doubles Down on the Streaming Biz - Variety. Disney CEO Josh D'Amaro tells investors the company is considering launching free streaming channels as he doubles down on the streaming biz. Disney is looking to join the free streaming channel boom as newly named CEO Josh D’Amaro doubles down on streaming as one of two key pillars to drive future growth.
During Disney’s quarterly earnin… [+4158 chars]"
ham,"Cyclospora cases in Nebraska, Iowa linked to outbreak sourced to Taylor Farms lettuce - WOWT. The CDC on Wednesday confirmed that cyclospora cases reported in Nebraska and Iowa have been connected to the national outbreak sourced to Taylor Farms de Mexico iceberg lettuce. OMAHA, Neb. (WOWT) - The CDC on Wednesday confirmed that cyclospora cases reported in Nebraska and Iowa have been connected to the national outbreak sourced to Taylor Farms de Mexico iceberg lettuce.… [+1685 chars]"
spam,CONFIRMED: Scientists accidentally create micro black hole in garage lab that swallows neighborhood trash can!
ham,"Viagra could do more than advertised as study reveals surprising health superpower - Fox News. Sildenafil, Viagra's active ingredient, may restrict cancer metastasis by limiting cancer cells' cholesterol access, a new study has found. Viagra could do more than give men a boost in the bedroom, as new research suggests it may have benefits for cancer patients.
The prescription medication, which is manufactured and distributed by Vi… [+3626 chars]"
spam,HOLLYWOOD DRAMA: Famous movie star secretly replaced by humanoid robot double at film premiere event!
ham,"Not Google Nest, Not Netgear: This Is Amazon's Best-Selling Mesh Wi-Fi System - bgr.com. TP-Link's Deco X55 AX3000 Wi-Fi 6 Mesh System is the best selling mesh system on Amazon, with over 6,000 purchases happening in July 2026 alone. We may receive a commission on purchases made from links.
People choose mesh Wi-Fi systems over single-router setups for their wide coverage, fast speeds, and reliable connections. For anyone lookin… [+1294 chars]"
spam,HOLLYWOOD DRAMA: Famous movie star secretly replaced by humanoid robot double at film premiere event!
ham,"Fed Governor Cook says she's 'prepared to act' on rate hike to address inflation - CNBC. Cook was part of a 9-3 majority that voted last week to keep the central bank's benchmark borrowing rate in a range between 3.5%-3.75%. Federal Reserve Governor Lisa Cook said Wednesday that she's ready to support an interest rate hike unless the inflation numbers improve.
""Inflation is too high, and I consider the risks to the infl… [+1665 chars]"
spam,UNBELIEVABLE: Man claims to live on sunshine alone for 10 years without eating food or drinking water!
spam,BREAKING RUMOR: Major tech CEO secretly steps down to launch time travel research facility in Nevada desert!
ham,"Fire Emblem: Fortune's Weave Is Getting A Manga Series, Here's The Key Art - Nintendo Life. The game arrives on Switch 2 this September Promotional artwork for the game — Image: Nintendo
Following the Direct this week, Nintendo has announced Fire Emblem: Fortune's Weave will be getting its own manga adaptation.
This announcement wa… [+1709 chars]"
spam,LEAKED CLAIM: Ancient Egyptian pyramid discovered to be giant wireless electricity generator built by ancient astronauts!
spam,BREAKING RUMOR: Major tech CEO secretly steps down to launch time travel research facility in Nevada desert!
ham,"There's One Predator That Terrifies Bears And Mountain Lions Alike - ScienceAlert. The wilds of North America can be a hazardous place. The wilds of North America can be a hazardous place.
It's there that some of the most intimidating predators make their home black and brown bears that could eviscerate a person with one swipe of a … [+5476 chars]"
ham,"Some Gen Zers swap their smartphones for ""dumb"" phones to curb social media habits - CBS News. ""It really opens up your mind,"" said one 23-year-old who ditched smartphones to wean herself off social media. Kendall Schrohe remembers the moment she swapped her smartphone for a flip phone. 
""For me, like the second that my iPhone was gone, it was just like heaven on earth,"" the 23-year-old Washington, D.… [+3631 chars]"
ham,"Toppled Bangladesh leader Sheikh Hasina to speak today: What we can expect - Al Jazeera. Former Bangladeshi prime minister is likely to announce her return from exile in India despite facing the death penalty. Former Bangladesh Prime Minister Sheikh Hasina, who was dramatically ousted following a brutal crackdown on protesters in 2024 and fled to India, is expected to make a rare public appearance after tw… [+8434 chars]"
ham,"FanDuel Parent Company to See Change in Leadership - BloodHorse. Flutter Entertainment, which in the United States operates the FanDuel sports and horse race betting app, announced Aug 5. that Dan Taylor will be appointed group CEO, effective Oct. 1, when he will also join Flutter's board of directors. Flutter Entertainment, a leading online sports betting and iGaming operator that in the United States operates the FanDuel sports and horse race betting app, announced Aug 5. that Dan Taylor will be … [+3110 chars]"
spam,EXCLUSIVE REPORT: Leaked military documents confirm moon landing was filmed on secret Hollywood movie soundstage!
spam,EXPOSED: Secret AI algorithm predicts exact winning lottery numbers every single week with 100% accuracy!
ham,"2 measles cases confirmed in Trumbull County; 1 visited local Walmart and ER - WKBN.com. The Trumbull County Combined Health District is reporting two confirmed cases of measles in the county. TRUMBULL COUNTY, Ohio (WKBN) The Trumbull County Combined Health District is reporting two confirmed cases of measles in the county. 
Both individuals were unvaccinated against measles, according to… [+3815 chars]"
spam,GOVERNMENT COVERUP: Secret weather control machine caused global rainstorms according to internet whistleblower!
ham,"Avoiding 3 things during middle age may delay dementia risk by 13 years - CNN. How you manage three health factors may affect your risk of developing dementia sooner rather than later, a new study has found. Avoiding three health factors may delay the odds of developing dementia by about 13 years, a new study has found: type 2 diabetes, smoking and high blood pressure.
Scientific research has long estab… [+5960 chars]"
ham,"MRI is standard for diagnosing prostate cancer in most western countries. But most U.S. men don’t get them - STAT. Pre-biopsy MRI is standard outside the U.S., but the latest data show such scans were done in only about a third of U.S. prostate cancer cases in 2022. With more than 333,000 new cases every year, prostate cancer is the most frequently diagnosed cancer in the U.S., and by far the most common among men. It is also the least deadly: Only about 4% of p… [+16966 chars]"
spam,EXPOSED: Secret AI algorithm predicts exact winning lottery numbers every single week with 100% accuracy!
ham,"Marantz Unveils New Cinema Series 2 AV Receiver Range - Forbes. Three-strong new range will offer up to nine channels of amplification and optional Dirac Live Room Correction support. The Marantz Cinema 50 Series 2 is the flagship model of the brand's latest AVR series.
Photo: Marantz
Marantz has taken the wraps off a new Cinema 2 range of AV receivers designed to deliver a wide… [+4824 chars]"
ham,"The Paradox of Lençóis Maranhenses National Park - NASA Science (.gov). The coastal dune field in Brazil looks like a desert but fills with freshwater lagoons every year. The coastal dune system in Lençóis Maranhenses National Park in northeastern Brazil is among the most surreal landscapes on Earth. At first glance, the park looks like a desert, but it is far from it… [+2781 chars]"
ham,"Dow futures inch higher after blue-chip index posts new record close: Live updates - CNBC. Markets ended divided Wednesday as a record close in the Dow Industrials contrasted with losses in the Nasdaq Composite and S&P 500. Futures tied to the Dow Jones Industrial Average rose early Thursday after the blue-chip index closed at a record high, as investors looked ahead to another round of corporate earnings.
Dow futures … [+2654 chars]"
spam,LEAKED CLAIM: Ancient Egyptian pyramid discovered to be giant wireless electricity generator built by ancient astronauts!
ham,"Most detailed images ever taken of sun's surface revealed: ""Major step forward"" - CBS News. Researchers were able to peek at the sun's scorching surface with the help of the National Science Foundation's Daniel K. Inouye Solar Telescope​, located on the island of Maui in Hawaii. Scientists have captured images of the sun's surface in the finest detail yet, revealing a strange and dynamic facade. 
It's dangerous to look directly at the sun without proper eye protection. But … [+2643 chars]"
ham,"Fossils from Wyoming's Smiley Draw deepen understanding of early primate evolution - Phys.org. A new study from the University of Kansas complicates the picture of primates living in North America some 55 million years ago during the Eocene, a warm period that allowed mammals to diversify quickly. A new study from the University of Kansas complicates the picture of primates living in North America some 55 million years ago during the Eocene, a warm period that allowed mammals to diversify quic… [+4435 chars]"
ham,"AMD Revenue Rockets 50%: 2 Undervalued Chip Stocks With Long-Term EPS Growth +100% - Seeking Alpha. Big tech earnings have reinforced the AI bull case, despite recent skepticism. Discover 2 undervalued semiconductor stocks poised to benefit in H2 2026. Analysts Disclosure: I/we have a beneficial long position in the shares of MU either through stock ownership, options, or other derivatives. I wrote this article myself, and it expresses my own opini… [+1004 chars]"
ham,"Available for XBOX Insiders: More Control Over Captures, Saves, and Wishlists - XBOX Wire. Xbox Insiders can now test new Achievement features, including a visual refresh, game hiding, and highlighting fully completed games. These improvements aim to give players more control and personalization over their profiles, with broader availability coming… Starting today, XBOX Insiders can try out new XBOX console updates designed to make it easier to capture and share memorable gameplay moments, track your progress, and manage the games and content yo… [+3487 chars]"
ham,"TikTok says moderator error delayed removal of Perez Hilton's livestream showing acts of self-harm - Fox Business. TikTok says a moderator error delayed the removal of Perez Hilton's livestream showing self-harm, prompting a law enforcement response and the celebrity blogger's hospitalization. This story discusses suicide. If you or someone you know is having thoughts of suicide, please contact the National Suicide Prevention Lifeline at 988 or 1-800-273-TALK (8255).
TikTok said Wednesday… [+4186 chars]"
ham,Max Miller’s Democratic opponent doesn’t want to talk about Max Miller - Politico. Ironworker Brian Poindexter is challenging the embattled congressman in his Ohio district. None
spam,CONFIRMED: Scientists accidentally create micro black hole in garage lab that swallows neighborhood trash can!
spam,DOCTORS STUNNED: Local doctor reveals 1 simple household ingredient that cures all viruses overnight!
ham,"""We take your feedback to heart"" - Game Freak promises to improve Beast of Reincarnation following a divisive launch - Eurogamer.net. Beast of Reincarnation has been described as unfinished by some players, and Game Freak is working on making things better. Beast of Reincarnation is out but hasn't quite made the splash you might expect from Game Freak's first original project in years. The long-time Pokémon developer isn't moving on, however, and is pro… [+1456 chars]"
spam,CONFIRMED: Scientists accidentally create micro black hole in garage lab that swallows neighborhood trash can!
ham,"The Moon is not airless: its exosphere holds helium, neon and argon at roughly one quadrillionth of Earth’s molecular density, and a single lander can briefly dominate the gas nearby - Space Daily. A whisper of gas surrounds the Moon, so thin that a single spacecraft can temporarily become its most dominant feature. The Moon looks like the definition of an airless world. Its sky remains black in daylight, flags do not flutter without a supporting rod, and an astronaut outside a spacecraft cannot breathe. Yet air… [+7162 chars]"
ham,"Beach discovery takes sinister turn as major catastrophe looms on Australia's doorstep - Yahoo News Australia. The timing of the sad find sparked increased concern. A dog walker's stroll along a quiet Australian beach this week took an ominous turn after he spotted a dark mass on the shoreline.
At first, David Parker thought he'd spotted ""someone's old coat"" be… [+2400 chars]"
ham,"Corals Spin Tiny Vortices to Get Oxygen, but Not if It’s Too Hot - Quanta Magazine. New research is helping biologists understand how an overlooked aspect of coral physiology may affect their fate under climate change. The cilia on each polyp, they found, are arranged in hexagonal units that keep ciliary movement streamlined, which helps explain how cilia can coordinate their movement to produce predictable swirls.… [+2576 chars]"
ham,"SpaceX Stock Drops on Ballooning AI Bill - WSJ. Plus, Google reshuffles AI leadership and Shake Shack draws an activist investor None"
ham,"'I Was So Disappointed' — GTA 5 Actor Auditioned for 60 Roles in GTA 6, But Heard Nothing from Rockstar - IGN. Actor Robert Bogue, who played FIB agent Steve Haines in Grand Theft Auto 5, says he auditioned for 60 roles in GTA 6, but he was ultimately ignored by Rockstar Games. Actor Robert Bogue, who played FIB agent Steve Haines in Grand Theft Auto 5, says he auditioned for 60 roles in GTA 6, but was ultimately ignored by Rockstar Games.
The news comes courtesy of X user… [+3518 chars]"
ham,"Amazon driver caught on video flinging customer’s package onto porch in infuriating delivery blunder - Fox News. Ring camera video shows a Yun Express driver hurling an Amazon package onto a Florida porch, snapping a proof-of-delivery photo and walking away. A delivery driver is under scrutiny after a doorbell camera captured a package sailing through the air instead of being carefully delivered.
Ring camera video shared by Florida resident Nathan Pekas… [+2007 chars]"
spam,UNBELIEVABLE: Man claims to live on sunshine alone for 10 years without eating food or drinking water!
ham,"WHO chief visits Congo to support Ebola efforts as some workers strike over pay - AP News. The head of the World Health Organization has arrived in Congo as the Ebola outbreak spreads at an alarming rate. Aid workers say the outbreak is the fastest-growing in history, with 3,874 confirmed cases and 1,751 deaths as of Monday. Health workers in the o… KINSHASA, Congo (AP) The head of the World Health Organization arrived in Congo was in Congo on Wednesday as aid workers said the worlds fastest-growing Ebola outbreak is spreading at an alarming rat… [+2493 chars]"
spam,BREAKING RUMOR: Major tech CEO secretly steps down to launch time travel research facility in Nevada desert!
spam,UNBELIEVABLE: Man claims to live on sunshine alone for 10 years without eating food or drinking water!
spam,EXCLUSIVE REPORT: Leaked military documents confirm moon landing was filmed on secret Hollywood movie soundstage!
spam,SHOCKING DISCOVERY: Secret underground alien civilization discovered beneath Antarctica ice sheet by rogue scientists!
ham,"US team achieves 87% nuclear fusion reactor wall purity using plasma and 1472°F heat - Interesting Engineering. Researchers develop a technique using neon plasma and heat to decontaminate porous tungsten reactor tiles after installation. Scientists have developed a new technique to clean the inner walls of nuclear fusion reactors without opening them to the air.
The method uses a combination of neon plasma and extreme heat to strip … [+3022 chars]"
ham,"Full Teardown Of A 2026 Amazon Fire Stick HD - Hackaday. After the release of Google’s Chromecast so-called ‘streaming sticks’ have remained a popular form factor, even though such technology is these days part of ‘smart’ TV… Die of the Amazon Fire Stick HD (2026) PMIC IC. (Credit: electronupdate, YouTube)
After the release of Google’s Chromecast so-called ‘streaming sticks’ have remained a popular form factor, even thou… [+1834 chars]"
spam,LEAKED CLAIM: Ancient Egyptian pyramid discovered to be giant wireless electricity generator built by ancient astronauts!
ham,"Most detailed images ever taken of sun's surface revealed: ""Major step forward"" - CBS News. Researchers were able to peek at the sun's scorching surface with the help of the National Science Foundation's Daniel K. Inouye Solar Telescope​, located on the island of Maui in Hawaii. Scientists have captured images of the sun's surface in the finest detail yet, revealing a strange and dynamic facade. 
It's dangerous to look directly at the sun without proper eye protection. But … [+2643 chars]"
ham,"The Fruits With the Highest—and Lowest—Natural Sugar Levels - Health: Trusted and Empathetic Health and Wellness Information. Some fresh fruits have higher natural sugar contents than others. However, they’re still a good source of water, fiber, vitamins, and minerals. If youre watching your sugar intake, limiting high-sugar fruits and prioritizing low-sugar fruits can help. Some popular fruits, like grapes, apples, and pears, can be higher in natural sugars, while… [+5062 chars]"
spam,HOLLYWOOD DRAMA: Famous movie star secretly replaced by humanoid robot double at film premiere event!
ham,‘Best meteor shower of the year’ will soon be visible in the sky: How to watch - al.com. None None
ham,"Cyclospora outbreak tied to iceberg lettuce now linked to 15 states, CDC says - CBS News. Cyclospora cases have been reported in at least 47 states total this year, and investigators have continued to probe how many could be linked to a common contaminated source. Cyclospora cases in 15 states have been linked to iceberg lettuce, U.S. health officials said Wednesday, adding six states with cases tied to the ongoing outbreak. 
The parasite has been reported in… [+3523 chars]"
spam,DOCTORS STUNNED: Local doctor reveals 1 simple household ingredient that cures all viruses overnight!
ham,"Airline will charge passengers to use overhead compartments for bags - WGN-TV. The days of cramming your bag into an overhead bin already full of your seatmates' suitcases are coming to an end. WELLINGTON, New Zealand (AP) For passengers on the budget Australian airline Jetstar, the days of cramming your bag into an overhead bin already full of your seatmates’ suitcases are coming to an end… [+2462 chars]"
spam,BREAKING RUMOR: Major tech CEO secretly steps down to launch time travel research facility in Nevada desert!
ham,"Bijan Robinson’s congratulations included a text from Matthew McConaughey - NBC Sports. Yes, Matthew McConaughey is a Commanders fan. Yes, Matthew McConaughey is a Commanders fan. But hes also a Texas supporter. An so he supports Texas players in the NFL.
One Texas player who has done very well in the NFL is Falcons running back B… [+614 chars]"
spam,UNBELIEVABLE: Man claims to live on sunshine alone for 10 years without eating food or drinking water!
ham,"Neanderthal growth hormone receptor increases muscle mass in people today, study shows - Phys.org. Neanderthals were generally more strongly built than most people living today. Their bones show signs of large muscles, and they had characteristic features such as prominent brow ridges and relatively short tooth roots. Neanderthals were generally more strongly built than most people living today. Their bones show signs of large muscles, and they had characteristic features such as prominent brow ridges and relative… [+3818 chars]"
ham,"Monkeys keep pets too - animal specialist on the world of interspecies friendship - The Conversation. It’s not just humans who enjoy interacting with other animal species. The first time I saw it, I wasnt quite sure what I was looking at. A northern white-cheeked gibbon at Shanghai Zoo was holding and caressing a mouse that had wandered into its enclosure. It wasnt try… [+6482 chars]"
spam,DOCTORS STUNNED: Local doctor reveals 1 simple household ingredient that cures all viruses overnight!
spam,CONFIRMED: Scientists accidentally create micro black hole in garage lab that swallows neighborhood trash can!
spam,LEAKED CLAIM: Ancient Egyptian pyramid discovered to be giant wireless electricity generator built by ancient astronauts!
spam,UNBELIEVABLE: Man claims to live on sunshine alone for 10 years without eating food or drinking water!
spam,GOVERNMENT COVERUP: Secret weather control machine caused global rainstorms according to internet whistleblower!
ham,"Ask your employees one question about AI. The silence will tell you everything - Fortune. AI has made building dramatically easier, yet most employees still aren't creating anything reusable. The hidden barrier is who your people think they are. I recently ran an AI strategy session for an organizations leadership team. They had everything the playbooks prescribe. Trainings. Access to multiple AI systems. A no-code platform. So I asked: How … [+8013 chars]"
ham,"Newly discovered oddball amphibian fossils could reveal clues about the prehistoric LA climate - CNN. Scientists have discovered an extinct amphibian from the ice age at Los Angeles’ La Brea Tar Pits. The fossils shed light on a prehistoric climate. In the heart of urban Los Angeles lie the La Brea Tar Pits, a group of natural asphalt seeps made famous by the millions of ice age fossils preserved within the bubbling, dark pools of goo.
Excavati… [+7121 chars]"
spam,GOVERNMENT COVERUP: Secret weather control machine caused global rainstorms according to internet whistleblower!
ham,"Confirmed: Xbox 'Platinum' completion achievements are coming ""later this year"" - Windows Central. Xbox CEO Asha Sharma just confirmed that the team is working on ""Platinum""-style achievement completion recognition, slated for later this year. Xbox is back with a flurry of updates for the Xbox Series X|S, including one headline act that I think will make many people very happy.
Today, Xbox revealed that it has acted on some of the top fee… [+1727 chars]"
ham,"Sandisk stock steady ahead of AI highflier's earnings - Yahoo Finance. Sandisk reported earnings on Wednesday. What happened: Sandisk (SNDK) stock sank as much as 8% in after-hours trading on Wednesday.
What's behind the move: The flash memory and storage manufacturer issued revenue guidance for the company'… [+2661 chars]"
spam,HOLLYWOOD DRAMA: Famous movie star secretly replaced by humanoid robot double at film premiere event!
ham,"Minecraft Gets Nintendo Switch 2 Version With an Upgrade Path for Switch 1 Owners - ign.com. Minecraft is getting a proper Nintendo Switch 2 version very soon, and Switch 1 owners will be entitled to an upgrade Minecraft is getting a proper Nintendo Switch 2 version very soon, and Switch 1 owners will be entitled to an upgrade.
Mojang has announced that Minecraft will release on the Nintendo Switch 2 on Oc… [+1468 chars]"
ham,"Scientists Discover Extreme Acceleration Inside a Nuclear Fireball - SciTechDaily. Simulations reveal some of the strongest accelerations ever produced on Earth, opening new avenues for QCD research. Two Lorentz-contracted nuclei (left and right) collide and ignite a fireball that expands violently outward. Credit: Xu-Guang Huang
Simulations reveal some of the strongest accelerations ever produc… [+5205 chars]"
ham,"Leprosy cases climb in Florida: Here’s how to reduce your risk - NewsNation. Leprosy is considered rare in the U.S., and most Americans catch the disease while traveling abroad. Graphic Warning: This story contains graphic images or video that may be disturbing. Viewer discretion is advised.
(NewsNation) Cases of leprosy are on the rise in Florida, and health officials are … [+3485 chars]"
spam,EXPOSED: Secret AI algorithm predicts exact winning lottery numbers every single week with 100% accuracy!
spam,SHOCKING DISCOVERY: Secret underground alien civilization discovered beneath Antarctica ice sheet by rogue scientists!
spam,SHOCKING DISCOVERY: Secret underground alien civilization discovered beneath Antarctica ice sheet by rogue scientists!
spam,LEAKED CLAIM: Ancient Egyptian pyramid discovered to be giant wireless electricity generator built by ancient astronauts!
ham,"Fossil Find in China Reveals Dinosaur Family Never Before Seen in East Asia - Sci.News. Paleontologists working in southern China have identified a new species of sauropod dinosaur that appears to belong to a group never before documented anywhere in East Asia. Paleontologists working in southern China have identified a new species of sauropod dinosaur that appears to belong to a group never before documented anywhere in East Asia.
An artists impression of… [+2880 chars]"
spam,BREAKING RUMOR: Major tech CEO secretly steps down to launch time travel research facility in Nevada desert!
ham,Fed's Kashkari says central bank should raise interest rates now to avoid 'entrenched inflation problem' - Fox Business. Neel Kashkari says corporate earnings and a resilient labor market show monetary policy isn't restrictive enough to bring inflation back to target. Minneapolis Federal Reserve President Neel Kashkari on Wednesday outlined why he thinks the central bank should raise interest rates to curb persistent inflation and head off the need for more substa… [+3640 chars]
ham,"Senate’s summer pileup is threatening a quick recess escape - Politico. Republicans are discussing several options, including holding fresh votes related to the SAVE America Act. Republican leaders are hoping that holding a vote on the elections proposal, at the Senates usual 60-vote threshold for legislation, will let them hammer Democrats as the holdup while satisfying Repu… [+1613 chars]"
spam,SHOCKING DISCOVERY: Secret underground alien civilization discovered beneath Antarctica ice sheet by rogue scientists!
spam,GOVERNMENT COVERUP: Secret weather control machine caused global rainstorms according to internet whistleblower!
spam,LEAKED CLAIM: Ancient Egyptian pyramid discovered to be giant wireless electricity generator built by ancient astronauts!
ham,"DNR discloses ‘unfortunate’ discovery of chronic wasting disease in a wild deer near Stillwater - startribune.com. A landowner told the DNR that the female deer was lethargic and unafraid of humans. A wild deer near Stillwater has tested positive for chronic wasting disease, a discovery that Minnesota conservation officials are calling unfortunate but say will assist in the effort to keep the st… [+1250 chars]"
ham,"Nothing is using AI-generated people to show off its new earbuds – everyone hates it [Gallery] - 9to5Google. Yesterday Nothing’s CMF brand launched a new pair of pretty cool open-ear earbuds, but a big part of the online... Yesterday Nothing’s CMF brand launched a new pair of pretty cool open-ear earbuds, but a big part of the online discussion is around the AI-generated images the company keeps posting.
I think it’s p… [+2289 chars]"
spam,HOLLYWOOD DRAMA: Famous movie star secretly replaced by humanoid robot double at film premiere event!
ham,"Two More Games Revealed For Xbox Game Pass In September 2026 - Pure Xbox. Have a look at what's to come next month August may have just begun, but we're taking an early gander at what's ahead for September 2026's Xbox Game Pass lineup. We already knew of two games, Dune: Awakening and Minecraft Dungeons 2, but th… [+1197 chars]"
spam,GOVERNMENT COVERUP: Secret weather control machine caused global rainstorms according to internet whistleblower!
spam,BREAKING RUMOR: Major tech CEO secretly steps down to launch time travel research facility in Nevada desert!
spam,DOCTORS STUNNED: Local doctor reveals 1 simple household ingredient that cures all viruses overnight!
spam,EXCLUSIVE REPORT: Leaked military documents confirm moon landing was filmed on secret Hollywood movie soundstage!
ham,Fourth person tests positive for West Nile virus in San Diego County - cbs8.com. None None
spam,BREAKING RUMOR: Major tech CEO secretly steps down to launch time travel research facility in Nevada desert!
spam,BREAKING RUMOR: Major tech CEO secretly steps down to launch time travel research facility in Nevada desert!
spam,CONFIRMED: Scientists accidentally create micro black hole in garage lab that swallows neighborhood trash can!
spam,SHOCKING DISCOVERY: Secret underground alien civilization discovered beneath Antarctica ice sheet by rogue scientists!
spam,HOLLYWOOD DRAMA: Famous movie star secretly replaced by humanoid robot double at film premiere event!
spam,LEAKED CLAIM: Ancient Egyptian pyramid discovered to be giant wireless electricity generator built by ancient astronauts!
ham,"Drone carrying explosives found at German airport, police say - BBC. The drone was found near Ukrainian cargo planes before another object collided with a cargo aircraft in mid-air. German airports are on high alert following several unauthorised drone flights in recent months over military bases, airports, energy terminals, seaports and logistics companies. Police have warned o… [+57 chars]"
spam,EXPOSED: Secret AI algorithm predicts exact winning lottery numbers every single week with 100% accuracy!
ham,"Moonlighter 2 Launches In September, Physical Confirmed For November - Nintendo Life. Standard or Collector's Editions incoming Along with a 2nd September release date for the digital version of Digital Sun's Moonlighter 2: The Endless Vault, a physical version from Silver Lining has been confirmed for Switch 2, PS5, and PC, … [+1917 chars]"
spam,HOLLYWOOD DRAMA: Famous movie star secretly replaced by humanoid robot double at film premiere event!
ham,"Stanford scientists discover cells that could hopefully break apart tumors - SFGATE. A group of Stanford researchers recently discovered an explosive cell in flatworms that appears to sacrifice itself in order to kill other cells. A file photo of Stanford University.
DenisTangneyJr/Getty Images
A group of Stanford researchers recently discovered an explosive cell in flatworms that appears to sacrifice itself in order to kill… [+2338 chars]"
ham,"Exclusive / Demis Hassabis was shifting away from DeepMind CEO duties for a year - Semafor. The CEO of Google’s AI unit was increasingly unsatisfied with the role of tech executive, preferring a more scientific position, said two people familiar with his thinking. Google DeepMind CEO Demis Hassabiss departure Wednesday from the top job at the company he founded in 2010 and sold to Google in 2014 was at least a year in the making, said two people familiar with … [+2205 chars]"
ham,"Don't Worry, PS5 Has Fire Emblem: Fortune's Weave at Home - Push Square. Beaten Path paves a route to release in 2027 Image: Push Square
What do you think of Fire Emblem: Fortunes Weave, then? Looks like another solid strategy RPG for Nintendo folk, doesnt it?
But if you dont have a Switch 2, at least theres Beate… [+915 chars]"
spam,GOVERNMENT COVERUP: Secret weather control machine caused global rainstorms according to internet whistleblower!
ham,"10 Ancient Earth Events That Sound Like Sci-Fi Plot Devices - Listverse. Science fiction has long imagined alien landscapes, apocalyptic disasters, and monstrous ecosystems. Yet some of the strangest scenarios ever conceived didn't originate in a writer's imagination. They actually happened here on Earth. Buried beneath the crust … None"
spam,DOCTORS STUNNED: Local doctor reveals 1 simple household ingredient that cures all viruses overnight!
ham,"Ever Experienced Something You Can't Explain? Detailed Study Investigates How People Deal With The Uncanny - ScienceAlert. Have you ever heard a voice when you were completely alone? Or felt the presence of some unseen being? You're not alone; around 60 percent of Americans believe they've had some kind of unexplainable experience.  But was it scary? Inspiring? Perhaps it invoked… Have you ever heard a voice when you were completely alone? Or felt the presence of some unseen being?
You're not alone; around 60 percent of Americans believe they've had some kind of unexplainable… [+5704 chars]"
ham,Samsung Galaxy Z series is breaking pre-order records - Mashable. Will we finally see foldable phones enter the mainstream? None
ham,"Google’s AI Is Telling Users That Flock Cameras Are Filled With Valuable Gold and Copper - Yahoo Tech. It's AI-on-AI violence. Google's notorious AI Overview just handed would-be Flock vandals a perfect excuse to carve into the company's controversial AI-integrated license plate readers (ALPRs).
ALRPs are wildly unpopular, … [+2473 chars]"
ham,"As iPhones get more expensive, T-Mobile launches new 3-year plan - 9to5Mac. While claims of a $1,399 starting price for the iPhone 18 Pro may be exaggerated, there’s no doubt at all... While claims of a $1,399 starting price for the iPhone 18 Pro may be exaggerated, there’s no doubt at all that we are going to see steep price increases for this year’s lineup.
Apple has already pre… [+1926 chars]"
ham,"Meta AI Model Accessed Internet, Hacked Outside Firm in Testing - Bloomberg.com. Meta Platforms Inc. said one of its artificial intelligence models accessed the internet and hacked into an outside service’s systems during cybersecurity testing, following other recent incidents across the AI industry that have escalated concerns about comp… Meta Platforms Inc. said one of its artificial intelligence models accessed the internet and hacked into an outside services systems during cybersecurity testing, following other recent incidents acr… [+391 chars]"
spam,HOLLYWOOD DRAMA: Famous movie star secretly replaced by humanoid robot double at film premiere event!
spam,BREAKING RUMOR: Major tech CEO secretly steps down to launch time travel research facility in Nevada desert!
spam,EXPOSED: Secret AI algorithm predicts exact winning lottery numbers every single week with 100% accuracy!
ham,"Can A Chewing Gum Help Reduce Risk Of Head And Neck Cancer? New Study Says Yes - NDTV. Head and neck cancer is one of the most common cancers worldwide, which affects the mouth, throat, voice box, nose, and nearby tissues. A lot of these cases ar Head and neck cancer is one of the most common cancers worldwide, which affects the mouth, throat, voice box, nose, and nearby tissues. A lot of these cases are linked to tobacco and alcohol use. How… [+4359 chars]"
ham,"Live Updates: Trump says Strait of Hormuz deal could happen today or tomorrow amid Iran-Oman talks - CBS News. President Trump told reporters Tuesday evening that an announcement on the Strait of Hormuz could happen today or tomorrow, following talks between Iran and Oman. The U.S. has used nearly all of its global stockpile of long-range precision missiles during the war with Iran, two sources with direct knowledge of the matter tell CBS News. 
Specifically, the U.S.… [+1564 chars]"
ham,"Two origins of life: Free-living cells may have emerged twice as bacteria and archaea diverged - Phys.org. How and where did the first forms of life arise? These are the main questions driving research at the Institute of Molecular Evolution at Heinrich Heine University Düsseldorf (HHU). In a new publication in Science Advances, an international team led by Düssel… How and where did the first forms of life arise? These are the main questions driving research at the Institute of Molecular Evolution at Heinrich Heine University Düsseldorf (HHU). In a new publicat… [+7065 chars]"
ham,"Nvidia Stock Is A Steal Ahead Of Q2 Earnings (NASDAQ:NVDA) - Seeking Alpha. Nvidia Corporation remains a strong buy ahead of Q2 as AI demand boosts revenue and margins; networking growth may surprise. Click for this NVDA stock update. Analysts Disclosure: I/we have a beneficial long position in the shares of MSFT either through stock ownership, options, or other derivatives. I wrote this article myself, and it expresses my own opi… [+802 chars]"
ham,"Molecular orbitals imaged in 3D, opening path to femtosecond videos - Phys.org. One of the most famous and intriguing results of quantum mechanics is the finding that fundamental particles, such as electrons, cannot be pinned down to one single location. Instead, a particle is described by its ""wavefunction,"" which allows researchers to … One of the most famous and intriguing results of quantum mechanics is the finding that fundamental particles, such as electrons, cannot be pinned down to one single location. Instead, a particle is d… [+3664 chars]"
spam,EXCLUSIVE REPORT: Leaked military documents confirm moon landing was filmed on secret Hollywood movie soundstage!
ham,Google Is Finally Shutting Down the Google Assistant. Here's What Android Users Need to Know - inc.com. None None
spam,EXCLUSIVE REPORT: Leaked military documents confirm moon landing was filmed on secret Hollywood movie soundstage!
spam,EXCLUSIVE REPORT: Leaked military documents confirm moon landing was filmed on secret Hollywood movie soundstage!
ham,"Fallout 3 Dev Excited For Remaster To Improve Game's Visuals - Kotaku. According to longtime game developer Nathan Purkeypile, Bethesda's open-world RPG was 'super tech constrained' Fallout 3 was a massive RPG that felt like it was pushing the Xbox 360 hard when it launched back in 2008. Many players, myself included, still had a great time with it and liked its take on what a p… [+3003 chars]"
spam,SHOCKING DISCOVERY: Secret underground alien civilization discovered beneath Antarctica ice sheet by rogue scientists!
ham,"This school-bus-sized “terror croc” ate dinosaurs. Now it’s back - ScienceDaily. A massive crocodilian capable of attacking dinosaurs has been brought back to life as the first scientifically accurate mounted skeleton of Deinosuchus schwimmeri. The 31-foot replica at Georgia’s Tellus Science Museum was built from detailed fossil scans and… A 31-foot predator that once hunted dinosaurs across what is now the eastern United States has been reconstructed in scientifically accurate, life-size form for the first time.Dr. David Schwimmer, a … [+9475 chars]"
ham,"Used for Millennia as Poison, Larkspur, Wolfsbane Could Become Medicine After Laboratory Breakthrough - Good News Network. Despite being isolated nearly 200 years ago, one of the best-known compounds, aconitine, still hasn’t been successfully synthesized in a lab. A larkspur specimen in bloom at Beal Botanical Garden – credit, Paul Henderson, released by MSU
Two famously toxic plantsknown also to treat pain, malaria, cancer, and pestsmay have had those medici… [+4322 chars]"
ham,"WHO chief visits Congo to support Ebola efforts as some workers strike over pay - AP News. The head of the World Health Organization has arrived in Congo as the Ebola outbreak spreads at an alarming rate. Aid workers say the outbreak is the fastest-growing in history, with 3,874 confirmed cases and 1,751 deaths as of Monday. Health workers in the o… KINSHASA, Congo (AP) The head of the World Health Organization arrived in Congo was in Congo on Wednesday as aid workers said the worlds fastest-growing Ebola outbreak is spreading at an alarming rat… [+2493 chars]"
spam,LEAKED CLAIM: Ancient Egyptian pyramid discovered to be giant wireless electricity generator built by ancient astronauts!
spam,EXPOSED: Secret AI algorithm predicts exact winning lottery numbers every single week with 100% accuracy!
spam,CONFIRMED: Scientists accidentally create micro black hole in garage lab that swallows neighborhood trash can!
ham,"Virginia resident has state’s 1st locally acquired case of dengue fever - WTOP. Virginia health officials have confirmed the state’s first known case of locally acquired dengue, a viral disease usually associated with international travel. Virginia health officials have confirmed the state’s first known case of locally acquired dengue, a viral disease usually associated with international travel.
The Virginia Department of Health said… [+1285 chars]"
spam,SHOCKING DISCOVERY: Secret underground alien civilization discovered beneath Antarctica ice sheet by rogue scientists!
spam,BREAKING RUMOR: Major tech CEO secretly steps down to launch time travel research facility in Nevada desert!
ham,"Study of ""super movers"" suggests exceptional mobility in late life is a powerful marker of brain health - PsyPost. New research published in Neurology suggests that adults over 80 who walk unusually fast experience slower mental decline. These ""super movers"" demonstrate powerful brain resilience, maintaining sharp minds despite typical markers of aging and disease. Older adults who maintain exceptionally fast walking speeds into their eighties tend to experience less cognitive decline and have a lower risk of developing cognitive impairment. New research publis… [+8770 chars]"
spam,EXCLUSIVE REPORT: Leaked military documents confirm moon landing was filmed on secret Hollywood movie soundstage!
ham,"Mars dust is toxic. How will future astronauts deal with it? - Space. ""The best strategy is prevention first. Keep as much dust as possible outside the habitat, remove it quickly when it gets in, monitor airborne particles, and design the system so crews are not relying on medical countermeasures after exposure."" None"
ham,"Gold prices push above $4,200 as ADP says 44k jobs created in July - KITCO. (Kitco News) - The gold market is adding to its overnight gains, pushing to session highs above $4,200 an ounce as the U.S. economy created fewer private-sector jobs than expected in July, according to private-sector payroll processor ADP.On Wednesday, ADP an… (Kitco News) - The gold market is adding to its overnight gains, pushing to session highs above $4,200 an ounce as the U.S. economy created fewer private-sector jobs than expected in July, according … [+1745 chars]"
spam,GOVERNMENT COVERUP: Secret weather control machine caused global rainstorms according to internet whistleblower!
ham,"Venus's polygonal plains could point to a watery past - Phys.org. Venus may be overwhelmingly inhospitable today, but many planetary scientists believe that it wasn't always this way. Billions of years ago, some observational evidence suggested that our planetary neighbor may have looked far more like Earth, complete with o… Venus may be overwhelmingly inhospitable today, but many planetary scientists believe that it wasn't always this way. Billions of years ago, some observational evidence suggested that our planetary n… [+3921 chars]"
ham,"Scientists discover the brain cells that keep you motivated - ScienceDaily. A group of brain cells called orexin neurons appears to help us keep working when reaching a reward becomes increasingly difficult. Blocking their activity weakened motivation in rats, pointing to a possible new target for understanding why people sometimes s… What allows people to keep working toward a goal when the challenge becomes more demanding? Researchers at Nagoya University in Japan have identified a brain mechanism that may help explain how motiv… [+4710 chars]"
spam,LEAKED CLAIM: Ancient Egyptian pyramid discovered to be giant wireless electricity generator built by ancient astronauts!
ham,"Bees have never been documented nesting inside animal bone in the history of paleontology, until researchers found six nests stacked inside one 20,000-year-old tooth socket - Space Daily. A fossil tooth socket in a Caribbean cave reveals an unexpected architect: bees that nested inside animal bone for millennia, a behavior never before documented in the paleontological record. Inside a single fossilised tooth socket in a Dominican Republic cave, researchers found not one bee nest but six, stacked one after another across what was likely thousands of years of intermittent u… [+6064 chars]"
spam,DOCTORS STUNNED: Local doctor reveals 1 simple household ingredient that cures all viruses overnight!
ham,"Mayor Zohran Mamdani sends cease-and-desist letters to Target, Amazon - PIX11. NEW YORK CITY (PIX11) — Mayor Zohran Mamdani has sent cease-and-desist letters to 40 major retailers, including Target and Amazon, over the sale of “prohibited motorized scooters and e-bikes.” “It is the responsibility of retailers to only sell the vehicles p… NEW YORK CITY (PIX11) — Mayor Zohran Mamdani has sent cease-and-desist letters to 40 major retailers, including Target and Amazon, over the sale of “prohibited motorized scooters and e-bikes.”
“It i… [+1847 chars]"
ham,"Is Nintendo Losing Its Soul? - IGN. The Switch 2 is an iterative update console. The Zelda: Ocarina of Time and Star Fox remakes are safe bets with generic art styles. The Mario movies are by-the-numbers. Is Nintendo losing its soul? This is an IGN opinion piece from Charlie Lopresto, who has been writing online about Nintendo since building his first Pokemon fansite in 1999. He rates the DS Lite as his favorite Nintendo system a… [+18156 chars]"
ham,"Foldable Smartphone Sales to Rise 20% This Year Due to 'iPhone Ultra' - MacRumors. Global foldable smartphone shipments are expected to grow 20% in 2026 compared to last year, with Apple's first entry into the category cited as... Global foldable smartphone shipments are expected to grow 20% in 2026 compared to last year, with Apple's first entry into the category cited as one of the factors driving the increase, according to … [+1759 chars]"
ham,"He posted about this controversial medical test. Then came the backlash - USA Today. Andrew Huberman's recent comments about full-body MRIs sparked a new wave of controversy. Here's what happened. You eat healthy, work out and feel great. Then, the intrusive thought: What if a mysterious disease is lurking somewhere in your body? Wouldn't you want to know?
You visit a futuristic, fresh-smelli… [+4494 chars]"
ham,Do Altered Immune Cells Drive Skin Cancer in Immunosuppressed Patients? - The Dermatology Digest. None None
ham,"Two Memphis hospitals named among best in Tennessee - WREG.com. MEMPHIS, Tenn. — Two Memphis hospitals made the 37th edition of U.S. News & World Report’s Best Hospitals list for the 2026-2027 year. Baptist Memorial Hospital-Memphis ranked #1 in Memphis and #2 compared to the other hospitals in the state of Tennessee. Met… MEMPHIS, Tenn. — Two Memphis hospitals made the 37th edition of U.S. News &amp; World Reports Best Hospitals list for the 2026-2027 year.
Baptist Memorial Hospital-Memphis ranked #1 in Memphis and #… [+561 chars]"
spam,UNBELIEVABLE: Man claims to live on sunshine alone for 10 years without eating food or drinking water!
spam,GOVERNMENT COVERUP: Secret weather control machine caused global rainstorms according to internet whistleblower!
spam,UNBELIEVABLE: Man claims to live on sunshine alone for 10 years without eating food or drinking water!
spam,UNBELIEVABLE: Man claims to live on sunshine alone for 10 years without eating food or drinking water!
ham,"Vets Traced a Lemur’s Fatal Herpes Infection Back to a Yoga Class - Gizmodo. HSV-1 typically only causes cold sores in humans, but it can be very dangerous to some of our primate cousins. One human’s harmless virus can be another animal’s worst nightmare, as a recent report well illustrates.
Veterinary researchers at the University of Florida have confirmed the first cases of herpes … [+4793 chars]"
ham,"A Common Sugar May Loosen Cancer Cells and Help Them Spread - SciTechDaily. Fructose may act as a hidden message that helps ovarian cancer cells loosen, escape, and spread. Fructose may act as a hidden message that helps ovarian cancer cells loosen, escape, and spread. The discovery could open new research into how nutrition and cholesterol-lowering medications affect c… [+7327 chars]"
spam,EXPOSED: Secret AI algorithm predicts exact winning lottery numbers every single week with 100% accuracy!
ham,"The Weirdest Theory Yet for Why Life on Earth Suddenly Exploded - Gizmodo. It was all thanks to a lot of poop. In the first 20 million years of the Cambrian period, Earth experienced an explosion of lifea great evolutionary era dubbed the Cambrian Explosion. Scientists have differing views on what drove this … [+3433 chars]"
spam,HOLLYWOOD DRAMA: Famous movie star secretly replaced by humanoid robot double at film premiere event!
ham,"Pokémon Pokopia Expansion Pass—Part 1: Bubbly Basin is Available Today - Pokemon.com. The first part of the Pokémon Pokopia Expansion Pass is now available, introducing a charming underwater town. Ditto can use the newly added move Dive to dip below the waters surface and discover Bubbly Basina submerged town ready to be rebuilt! Team up with Popplio and tons of other Water-type Pokémon to res… [+744 chars]"
spam,DOCTORS STUNNED: Local doctor reveals 1 simple household ingredient that cures all viruses overnight!
spam,LEAKED CLAIM: Ancient Egyptian pyramid discovered to be giant wireless electricity generator built by ancient astronauts!
spam,EXPOSED: Secret AI algorithm predicts exact winning lottery numbers every single week with 100% accuracy!
ham,"Apple's ‘Private Relay’ Is Exposing Users’ Real IP Addresses - 404 Media. Researchers found a group of issues that mean Private Relay isn't actually protecting users' real IP addresses. 404 Media verified the issues do expose IP addresses. A series of issues in Apples web browser engine the tech underlying all browsers on iOS means that Apples iCloud Private Relay tool, which is supposed to hide a users IP address, in many cases doesnt… [+3978 chars]"
spam,CONFIRMED: Scientists accidentally create micro black hole in garage lab that swallows neighborhood trash can!
spam,UNBELIEVABLE: Man claims to live on sunshine alone for 10 years without eating food or drinking water!
spam,LEAKED CLAIM: Ancient Egyptian pyramid discovered to be giant wireless electricity generator built by ancient astronauts!
ham,"Colon cancer deaths dropped by half for people who did at-home, no-laxative test program - New York Post. A non-invasive test — that can be done entirely from home — is saving lives from colorectal cancer, a new study suggests. Colonoscopies are the top-recommended screening for colorectal cancer, which is is the second most common cause of cancer deaths in men and women. In adults aged 50-64, rates are climbing.
Yet some … [+3978 chars]"
ham,"Marvel Rivals’ next update drastically reduces the game’s install size on PC and console - Eurogamer.net. As of Season 9.5, Marvel Rivals is going to take up a lot less space on your platform of choice. In a world afflicted with ever-increasing storage and RAM costs, it's nice to see a game make a serious effort to reduce its footprint on your SSD. Cue Marvel Rivals. On PS5 and Xbox, you will see an… [+1580 chars]"
ham,"iPhone 18 Pro event date: When Apple announced its event over the last six years - 9to5Mac. Apple has announced its event two weeks in advance for four straight years, pointing to a likely iPhone 18 Pro event announcement this month. When should we expect the iPhone 18 Pro event, and when will Apple officially announce the date? Apple hasnt sent invitations yet, but its announcement history gives us a remarkably consistent window… [+3145 chars]"
spam,DOCTORS STUNNED: Local doctor reveals 1 simple household ingredient that cures all viruses overnight!
spam,SHOCKING DISCOVERY: Secret underground alien civilization discovered beneath Antarctica ice sheet by rogue scientists!
spam,EXCLUSIVE REPORT: Leaked military documents confirm moon landing was filmed on secret Hollywood movie soundstage!
ham,"Physicists find a way to control heat in a way once thought impossible - Live Science. Researchers designed a material that can independently control how it absorbs and emits heat, and it even retains those settings once the power is turned off. None"
ham,"Riverhead woman gets 'rabbit fever' from cat bite, doctor says - Newsday. This would be the fourth case of tularemia in Suffolk County this year. A Riverhead woman is being treated for tularemia, the rare disease known as rabbit fever after being bitten by her cat, an infectious disease doctor at Peconic Bay Medical Center said Wednesday.
Thi… [+2880 chars]"
spam,SHOCKING DISCOVERY: Secret underground alien civilization discovered beneath Antarctica ice sheet by rogue scientists!
spam,GOVERNMENT COVERUP: Secret weather control machine caused global rainstorms according to internet whistleblower!
ham,"The Best Late-Night Drink for Brain Health - EatingWell. Discover why dietitians recommend tart cherry juice as a nighttime drink that may support sleep, focus, memory and overall brain health. Late-night drinks are often chosen with sleep in mind, and thats a reasonable consideration. The quality of your rest can influence your attention, memory and mental energy the following day. A good … [+5322 chars]"
spam,DOCTORS STUNNED: Local doctor reveals 1 simple household ingredient that cures all viruses overnight!
spam,CONFIRMED: Scientists accidentally create micro black hole in garage lab that swallows neighborhood trash can!
spam,HOLLYWOOD DRAMA: Famous movie star secretly replaced by humanoid robot double at film premiere event!
spam,EXCLUSIVE REPORT: Leaked military documents confirm moon landing was filmed on secret Hollywood movie soundstage!
ham,"Minecraft Arrives On Switch 2 This October, Digital Upgrade Path Confirmed - Nintendo Life. Featuring the Vibrant Visuals graphics upgrade If you've been eager to revisit the blocky world of Minecraft on Switch 2, Mojang has now confirmed this version will be arriving on 27th October 2026.
Once again, the Switch 2 release will support … [+583 chars]"
spam,SHOCKING DISCOVERY: Secret underground alien civilization discovered beneath Antarctica ice sheet by rogue scientists!
ham,"Riverhead woman gets 'rabbit fever' from cat bite, doctor says - Newsday. This would be the fourth case of tularemia in Suffolk County this year. A Riverhead woman is being treated for tularemia, the rare disease known as rabbit fever after being bitten by her cat, an infectious disease doctor at Peconic Bay Medical Center said Wednesday.
Thi… [+2880 chars]"
ham,"Firefighters are working 16-hour shifts as they battle the Spokane Complex Fire - NBC News. The Old Trails and Autumn Lane fires were each 13% contained Wednesday, and the Fairview fire was 5% contained, according to fire officials. SPOKANE, Wash.  Hundreds of firefighters are working long shifts to slow the Spokane Complex Fire ahead of hotter and drier conditions this weekend. 
More than 1,500 firefighters from two dozen stat… [+4425 chars]"
spam,UNBELIEVABLE: Man claims to live on sunshine alone for 10 years without eating food or drinking water!
spam,BREAKING RUMOR: Major tech CEO secretly steps down to launch time travel research facility in Nevada desert!
spam,BREAKING RUMOR: Major tech CEO secretly steps down to launch time travel research facility in Nevada desert!
ham,Samsung Galaxy Z series is breaking pre-order records - Mashable. Will we finally see foldable phones enter the mainstream? None
spam,GOVERNMENT COVERUP: Secret weather control machine caused global rainstorms according to internet whistleblower!
ham,"Pluto’s Atmosphere May Finally Be Starting to Collapse - Gizmodo. For the first time since its discovery in 1920, Pluto is entering the outer solar system—a journey that’s slowly thinning out its atmosphere. Plutos orbit around the Sun is a long, elliptical journey that lasts 248 Earth years. Right now, Pluto is gradually traveling farther and farther away from our host star. And as it does so, its atmos… [+4317 chars]"
spam,CONFIRMED: Scientists accidentally create micro black hole in garage lab that swallows neighborhood trash can!
spam,EXCLUSIVE REPORT: Leaked military documents confirm moon landing was filmed on secret Hollywood movie soundstage!
ham,"Microsoft Is Quietly Deleting 32 GB RAM Recommendation for Windows 11 - TechPowerUp. Microsoft is retroactively removing documentation from its website and materials that mention 32 GB of RAM as a recommendation for new PC builds or purchases. Instead, the company is now emphasizing 8 GB devices that are optimized to run Windows 11 smoothly, … This should only take a few seconds. If you have issues, please do contact us, we want to learn about any problems.
Drag the handle to the target
Need help? Contact Us. Please mention your IP: 172.… [+9 chars]"
ham,"More than 100 salmonella cases linked to jalapeños have been reported in Colorado, health officials say - 9News. None None"
spam,SHOCKING DISCOVERY: Secret underground alien civilization discovered beneath Antarctica ice sheet by rogue scientists!
spam,HOLLYWOOD DRAMA: Famous movie star secretly replaced by humanoid robot double at film premiere event!
spam,EXPOSED: Secret AI algorithm predicts exact winning lottery numbers every single week with 100% accuracy!
ham,"Avoiding 3 things during middle age may delay dementia risk by 13 years - CNN. How you manage three health factors may affect your risk of developing dementia sooner rather than later, a new study has found. Avoiding three health factors may delay the odds of developing dementia by about 13 years, a new study has found: type 2 diabetes, smoking and high blood pressure.
Scientific research has long estab… [+5960 chars]"
ham,"During a Day of Rancor, Senators Find Common Ground: No One Likes Surveillance Pricing - Gizmodo. ""AI surveillance pricing is the unholy trinity of everything Americans hate."" Republicans and Democrats don’t agree on much. But a U.S. Senate hearing on Tuesday seemed to be a rare point of bipartisan agreement. Surveillance pricing, the practice of companies using personal d… [+5635 chars]"
spam,CONFIRMED: Scientists accidentally create micro black hole in garage lab that swallows neighborhood trash can!
ham,"iOS 27’s best new Messages feature is all about saving you time - 9to5Mac. iOS 27 gives the Messages app a convenient new feature that’s designed to save you time: one-tap suggestions. iOS 27 gives the Messages app a variety of new features and improvements. And based on my time with the beta, Messages best new feature is a convenient time-saver: one-tap suggestions.
Tech companie… [+1810 chars]"
ham,"A Mystery Object in the Milky Way Is Blasting Out Particles 100 Times More Powerful Than the LHC - Gizmodo. The cosmic accelerator can push protons beyond one quadrillion electric volts. Within the constellation Aquila in the northern skies, a powerful cosmic accelerator has been pumping out fast-moving particles at the some of the highest known energies in our galaxy, far outdoing h… [+3469 chars]"
spam,BREAKING RUMOR: Major tech CEO secretly steps down to launch time travel research facility in Nevada desert!
ham,"NASA's CAPSTONE Missions Want To Solve The Moon's Three-Body Problem - jalopnik.com. If NASA wants to land astronauts on the Moon again, it's got three problems, and they're all bodies. If NASA wants to land astronauts on the Moon again, it's got three problems, and they're all bodies. The space agency just completed the first Cislunar Autonomous Positioning System Technology Operat… [+1860 chars]"
spam,LEAKED CLAIM: Ancient Egyptian pyramid discovered to be giant wireless electricity generator built by ancient astronauts!
spam,UNBELIEVABLE: Man claims to live on sunshine alone for 10 years without eating food or drinking water!
ham,"Mosquitoes at Montgomery County park test positive for West Nile Virus; Public Health to spray area - WHIO TV. Public Health - Dayton & Montgomery County will be spraying for mosquitoes in a local park tonight. DAYTON — Public Health - Dayton &amp; Montgomery County will be spraying for mosquitoes in a local park tonight. 
[DOWNLOAD: Free WHIO-TV News app for alerts as news breaks]
The move comes after th… [+537 chars]"
ham,"Total solar eclipse Aug. 12, 2026 live updates — 1 week to go - Space. Follow our live coverage of the total solar eclipse 2026 as we count down to eclipse day with the latest news, expert insight and updates before bringing you live reports from Greenland and Spain. On Aug. 12, 2026, Europe will experience its first total solar eclipse since 1999, as the moon's shadow sweeps across Greenland, Iceland, northern Spain and the Balearic Islands.
Along the narrow pa… [+1631 chars]"
spam,HOLLYWOOD DRAMA: Famous movie star secretly replaced by humanoid robot double at film premiere event!
ham,"Disney Reaffirms Double-Digit Earnings Growth, Targets $9 Billion in Buybacks. Here’s What Investors Need to Know. - The Motley Fool. The entertainment giant crushed analyst profitability estimates for its third quarter. Walt Disney (DIS+3.65%) delivered the goods on Wednesday morning. The king of the entertainment industry broadcast its fiscal third-quarter results, and investors clearly found much to like about the… [+3959 chars]"
spam,SHOCKING DISCOVERY: Secret underground alien civilization discovered beneath Antarctica ice sheet by rogue scientists!
ham,"Mass. sees rise in cyclosporiasis amid US spike - WCVB. Massachusetts cyclosporiasis cases have climbed sharply as health officials track a nationwide spike tied to contaminated produce. BOSTONCyclosporiasis cases have spiked in Massachusetts to more than 100 cases as the U.S. Centers for Disease Control and Prevention continues to report an uptick in cases across the country.
Cyclo… [+1537 chars]"
spam,LEAKED CLAIM: Ancient Egyptian pyramid discovered to be giant wireless electricity generator built by ancient astronauts!
ham,"Two origins of life: Free-living cells may have emerged twice as bacteria and archaea diverged - Phys.org. How and where did the first forms of life arise? These are the main questions driving research at the Institute of Molecular Evolution at Heinrich Heine University Düsseldorf (HHU). In a new publication in Science Advances, an international team led by Düssel… How and where did the first forms of life arise? These are the main questions driving research at the Institute of Molecular Evolution at Heinrich Heine University Düsseldorf (HHU). In a new publicat… [+7065 chars]"
spam,DOCTORS STUNNED: Local doctor reveals 1 simple household ingredient that cures all viruses overnight!
ham,"Some patients to score new super-effective 'Triple G' weight loss drug — before FDA approval - New York Post. Retatrutide — also known as “reta” — has been shown to produce dramatically greater weight loss than Ozempic and Mounjaro. An unapproved weight loss drug is about to become available to more patients.
Retatrutide also known as “reta” has been shown to produce dramatically greater weight loss than blockbuster drugs like … [+4504 chars]"
ham,"Regal Cinemas CEO Champions Paramount-WBD Merger - deadline.com. Regal Cinemas CEO Eduardo Acuna speaks out in favor of Paramount-Warner Bros merger and says antitrust trial would create uncertainty and distraction. EXCLUSIVE: With the Paramount-Warner Bros Discovery merger hung up in a pending antitrust trial that’s set for March 2027, Regal Global Entertainment’s Eduardo Acuna, CEO of the No. 2 theater chain, … [+6212 chars]"
ham,"Apple's iCloud Private Relay is Leaking Users' Real IP Addresses - MacRumors. Apple's paid Safari protection feature that promises to keep your IP masked doesn't always work, according to security researchers Tommy Mysk... It's not a real VPN therefore your IP shouldn't be masked at all times. No one has the expectation that your IP is private. So what's the issue?Sounds to me just more complaining. 
Apple says with P… [+1732 chars]"
ham,"MacPaw taps Liquid AI to offer on-device inference to devs building for its app store - techcrunch.com. MacPaw is building a local version of its AI assistant Eney using Liquid AI's models. Ukraine-based app developer MacPaw has partnered with Liquid AI to power its products with locally hosted AI models, and eventually make the tech stack available to developers. The company is also pr… [+1942 chars]"
ham,"Sunbird relaunched its iMessage app for Android users after three years away - The Verge. Sunbird relaunched its app that offers direct iMessage access on Android, and claims it fixed security issues from the original app. <ul><li></li><li></li><li></li></ul>
The company claims it has addressed the security flaws that shut down its operation in 2023.
The company claims it has addressed the security flaws that shut do… [+2941 chars]"
ham,"Disney and TikTok Ink Wide-Ranging Deal, Videos From Tech Platform Will Be Added to Disney+ - The Hollywood Reporter. Creators on TikTok will get access to Disney photo and video assets if they opt-in to the program, with their videos living on both platforms. TikTok videos will be coming to Disney+.
The tech giant and the entertainment giant have inked what they are calling a “first-of-its-kind” content sharing deal, which will allow TikTok videos from D… [+2352 chars]"
ham,"Is It Healthy to Eat a Banana Every Day? Here's What Dietitians Think - Prevention. Dietitians reveal how eating a banana every day can benefit your health, along with possible drawbacks and side effects of eating too many. Fruits are some of the healthiest foods you can eatand that includes bananas. Still, they sometimes get a bad rap for their high carbohydrate content. So we were wondering: is eating a banana every d… [+7423 chars]"
spam,DOCTORS STUNNED: Local doctor reveals 1 simple household ingredient that cures all viruses overnight!
spam,EXCLUSIVE REPORT: Leaked military documents confirm moon landing was filmed on secret Hollywood movie soundstage!
ham,"Amid soaring measles cases, Pa. parents can now track vaccine rates at their child’s school - 90.5 WESA. Pennsylvania parents can now easily track vaccination rates at their kids’ schools thanks to a new resource from the state health department. A new online tool provides annual vaccination rate data for individual schools, a closer look than the state and coun… As Pennsylvania families prepare for back-to-school season, the state health and education departments have released a detailed look at school vaccination rates. The new online database
 launches as… [+6285 chars]"
spam,EXCLUSIVE REPORT: Leaked military documents confirm moon landing was filmed on secret Hollywood movie soundstage!
spam,EXPOSED: Secret AI algorithm predicts exact winning lottery numbers every single week with 100% accuracy!
ham,"The #1 Cooking Oil for Heart Health, According to Nutrition Experts - Health: Trusted and Empathetic Health and Wellness Information. Based on scientific research and expert consensus, extra-virgin olive oil is the healthiest oil for your heart, since it’s rich in antioxidants and healthy fats. You probably know that cooking with oil over butter can be a better choice for your heart health. But when you go to the grocery store, theres often dozens of different types of cooking oil staring b… [+4092 chars]"
spam,UNBELIEVABLE: Man claims to live on sunshine alone for 10 years without eating food or drinking water!
ham,"Exclusive / Demis Hassabis was shifting away from DeepMind CEO duties for a year - Semafor. The CEO of Google’s AI unit was increasingly unsatisfied with the role of tech executive, preferring a more scientific position, said two people familiar with his thinking. Google DeepMind CEO Demis Hassabiss departure Wednesday from the top job at the company he founded in 2010 and sold to Google in 2014 was at least a year in the making, said two people familiar with … [+2205 chars]"
spam,CONFIRMED: Scientists accidentally create micro black hole in garage lab that swallows neighborhood trash can!
spam,EXCLUSIVE REPORT: Leaked military documents confirm moon landing was filmed on secret Hollywood movie soundstage!
ham,"Voyager 2 cheats the power budget for another year - The Register. Carefully choreographed shutdown gives probe's three remaining instruments more time Engineers at NASA's Jet Propulsion Laboratory have eked out a little more life for instruments aboard the veteran Voyager 2 probe thanks to a power-saving effort called the ""Big Bang.""
The procedure… [+2941 chars]"
spam,GOVERNMENT COVERUP: Secret weather control machine caused global rainstorms according to internet whistleblower!
ham,"Jeff Ratcliffe’s 2026 Mid- and Late-Round WR Targets - FTN (For the Numbers). Looking for value at wide receiver? Jeff Ratcliffe shares his complete list of mid- and late-round WR targets for 2026 fantasy football drafts, including sleepers, breakout candidates and ADP values. If you load up on running backs early, wide receiver becomes all about finding value.
The good news is this years receiver pool is deep enough to make that strategy work. The key is identifying play… [+1499 chars]"
spam,HOLLYWOOD DRAMA: Famous movie star secretly replaced by humanoid robot double at film premiere event!
ham,"How new findings on ovarian cancer origins may help reduce risk - PBS. One of the deadliest forms of cancer for women may not start where we once believed. Researchers now know nearly all fatal ovarian cancers begin in the fallopian tubes, not the ovaries. Stephanie Sy discusses with Dr. Rebecca Stone, a professor in the Johns H… One of the deadliest forms of cancer for women may not start where we once believed. Researchers now know nearly all fatal ovarian cancers begin in the fallopian tubes, not the ovaries. Stephanie Sy … [+5910 chars]"
ham,"A new type of flu shot is coming after FDA approves mRNA-based vaccine - The Washington Post. The agency’s former top vaccine regulator declined to review the Moderna shot, and it’s now likely to face pushback from allies of the health secretary. The Food and Drug Administration has approved the first mRNA-based flu vaccine, paving the way for a new type of shot that will be available for adults 50 and over looking to get immunized against th… [+58 chars]"
ham,"SpaceX Is Betting on Cybertrucks to Save NASA Astronauts in an Emergency - Gizmodo. Tesla's controversial vehicle is replacing a tactical military transport designed to deflect landmine blasts. A crew of four astronauts is preparing to depart Earth on board a SpaceX rocket and head to the International Space Station (ISS). Should something go wrong on the launchpad, astronauts would normall… [+3543 chars]"
spam,EXCLUSIVE REPORT: Leaked military documents confirm moon landing was filmed on secret Hollywood movie soundstage!
spam,DOCTORS STUNNED: Local doctor reveals 1 simple household ingredient that cures all viruses overnight!
spam,HOLLYWOOD DRAMA: Famous movie star secretly replaced by humanoid robot double at film premiere event!
spam,EXPOSED: Secret AI algorithm predicts exact winning lottery numbers every single week with 100% accuracy!
ham,"Halo Studios hit by layoffs just days after Halo: Campaign Evolved launch - Windows Central. A number of developers previously employed at Halo Studios have posted on LinkedIn confirming layoffs at the studio. Halo: Campaign Evolved launched just days ago, and it appears Microsoft is moving quickly to make cuts at Halo Studios now that the game is out. A number of developers who were previously employed at… [+2628 chars]"
spam,DOCTORS STUNNED: Local doctor reveals 1 simple household ingredient that cures all viruses overnight!
spam,HOLLYWOOD DRAMA: Famous movie star secretly replaced by humanoid robot double at film premiere event!
ham,"Deep Inside A Cave, Neanderthals Built A Circular Structure Made Of Stalagmites Around 176,500 Years Ago - IFLScience. Archaeologists have described the work at Bruniquel Cave as ""unprecedented"" for a bunch of reasons. Might this be the oldest surviving structure in the world? It could very well be, but it wasnt crafted by the hands of modern Homo sapiens.The mystery of Bruniquel Cave
To find it, archaeologists ha… [+3688 chars]"
spam,DOCTORS STUNNED: Local doctor reveals 1 simple household ingredient that cures all viruses overnight!
spam,SHOCKING DISCOVERY: Secret underground alien civilization discovered beneath Antarctica ice sheet by rogue scientists!
spam,GOVERNMENT COVERUP: Secret weather control machine caused global rainstorms according to internet whistleblower!
ham,"SpaceX Stock Drops on Ballooning AI Bill - WSJ. Plus, Google reshuffles AI leadership and Shake Shack draws an activist investor None"
ham,"Astronaut Snaps Photo of Super Typhoon on His iPhone - PetaPixel. Incredible smartphone photo. Astronaut Anil Menon has only been in space for less than one month, but he has already captured a mind-boggling photo showing a super typhoon brooding above the Pacific Ocean. 
Menon revealed that … [+2572 chars]"
spam,SHOCKING DISCOVERY: Secret underground alien civilization discovered beneath Antarctica ice sheet by rogue scientists!
ham,"Uber’s Ride-Sharing Business Is Booming. Why the Stock Market Couldn’t Care Less. - Barron's. Uber stock declines as the ride-hailing company reports mostly in-line second-quarter earnings and guidance that came up short. Uber Technologies ride-sharing business is as healthy as can be with the company reporting 22% growth in bookings for the second quarter. But Wall Street doesnt seem to care. Instead, its giving all … [+156 chars]"
ham,"Michael Burry sends loud signal to stock market investors - thestreet.com. Michael Burry sees a possible 1987-type event ahead. Wall Street hit a milestone on Aug. 4 that would normally silence the skeptics. The S&amp;P 500 closed at a record high for the first time since June, and the Nasdaq Composite followed. 
Both were p… [+5977 chars]"
ham,"The Best Metacritic-Scored Game Of 2026 Has Arrived - Forbes. There is a new best-reviewed game of the 2026, at least according to critics scoring it on Metacritic. You should try it, it's cheap. There have only been a couple AAA critical blockbusters in the first two-thirds of 2026 here, and now, we have a #1 game that is smaller than almost all of those. The game has the highest Metacritic … [+2732 chars]"
spam,BREAKING RUMOR: Major tech CEO secretly steps down to launch time travel research facility in Nevada desert!
spam,CONFIRMED: Scientists accidentally create micro black hole in garage lab that swallows neighborhood trash can!
spam,LEAKED CLAIM: Ancient Egyptian pyramid discovered to be giant wireless electricity generator built by ancient astronauts!
ham,"Using the Apple Upgrade program locks you into the big three mobile providers - Mashable. Technically, the leased iPhones are unlocked, but... None"
spam,CONFIRMED: Scientists accidentally create micro black hole in garage lab that swallows neighborhood trash can!
spam,CONFIRMED: Scientists accidentally create micro black hole in garage lab that swallows neighborhood trash can!
spam,CONFIRMED: Scientists accidentally create micro black hole in garage lab that swallows neighborhood trash can!
ham,"Van-Pantoja rematch will headline UFC 331 in September - ESPN. A flyweight title rematch between Joshua Van and Alexandre Pantoja will headline UFC 331 in September, officials announced  Thursday. A flyweight title rematch between Joshua Van and Alexandre Pantoja will headline UFC 331 in September, officials announced Thursday.
Additionally, a five-round, lightweight matchup between Arman Tsa… [+1289 chars]"
spam,BREAKING RUMOR: Major tech CEO secretly steps down to launch time travel research facility in Nevada desert!
ham,"A dietitian's verdict: multivitamins are useless - Boing Boing. A dietitian rates 10 supplements: the multivitamin memory gain was a quarter of a word in a 20-word test. Dietitian Josie Porter, author of How Not to Take Supplements, sized up ten popular supplements for the Guardian. One of the largest multivitamin trials found a memory improvement in older adults, bu… [+1036 chars]"
ham,"Mini mart sued by Buc-ee's receives support with merch - usatoday.com. A company has come out in support of an Ohio mini mart currently being sued by gas station chain Buc-ee's. A popular Cincinnati apparel company is rallying behind a corner store facing a lawsuit from gas station chain Buc-ee's.
Cincy Shirts, an apparel brand co-owned by comedian Josh Sneed and artist Dar… [+5817 chars]"
ham,"Scientists say they have found a new clue to how COVID-19 may cause long COVID - NPR. In the journal <em>Nature</em>, the team, led by researchers at the University of Texas at Austin, found that infection with the coronavirus that causes COVID can apparently reactivate other viruses that had been dormant in their bodies. Scientists say they have found a new clue to how COVID-19 may cause long COVID.
The researchers studied more than 1,100 patients who were hospitalized for COVID at 20 hospitals around the country.
… [+479 chars]"
ham,"The Dutch spent a century becoming the tallest population on Earth, then the run quietly ended. Men born in 1980 reached 183.9 centimetres; those born in 2001 measure 182.9. Women born in 2001 are 1.4 centimetres shorter than the 1980 cohort - Space Daily. A century of growth that made the Dutch the world's tallest has mysteriously reversed, with each new generation losing height they can't seem to get back. For about a century, one country kept winning a contest nobody officially entered. The Dutch went from one of Europe’s shorter populations in the 19th century to the top of global height rankings.
T… [+4375 chars]"
ham,"Apple Watch Ultra 4: Three new features that already have me excited - 9to5Mac. Apple Watch Ultra 4 is coming next month, here are three rumored new features that I’m especially excited about. Apple Watch Ultra 4 is coming next month, launching alongside iPhone 18 Pro, iPhone Ultra, and more. Here are three rumored Apple Watch Ultra 4 features that Im excited about.
Siri AI is a major foc… [+2453 chars]"
ham,"Court filings: Dutch Bros to buy Salad And Go locations in Arizona, Nevada - KOLD. New court documents show that the Oregon-based company tied to Dutch Bros agreed to purchase Salad And Go's assets after the company declared bankruptcy this week. PHOENIX (AZFamily) Instead of going to a drive-thru for a salad, Southwest customers could soon be pulling up to the same building for a cup of coffee.
Court documents filed in U.S. Bankruptcy Court… [+3863 chars]"
ham,"Official Baldur’s Gate 3 Stream Gets Shut Down By YouTube For Sexy Times - Kotaku. Three years later, Larian is still getting a slap on the wrist for its RPG’s sex scenes Before Baldurs Gate 3 even launched, its explicit sex scenes were getting developer Larian in trouble on streaming platforms. The infamous bear encounter with Halsin got the studio banned from stream… [+1889 chars]"
ham,"Fauci's HHS iPhone turned over to Senate investigators as contempt vote looms - Fox News. Sen. Ron Johnson's subcommittee obtained a copy of Anthony Fauci's pandemic-era iPhone as Rand Paul's panel weighs holding Fauci in contempt of Congress. Fox News Digital has confirmed that a key investigative panel in the Senate has obtained Dr. Anthony Faucis pandemic-era cellphone.
The cellphone was transferred from the Department of Health and Hu… [+2954 chars]"
ham,"Asian tech stocks drop with SK Hynix plunging 10% after Wall Street AI names fall - CNBC. Despite heightened volatility analysts remain optimistic over the outlook of the tech sector, with J.P. Morgan saying the tech sell-off had not derailed the AI investment cycle. Asian technology stocks fell Thursday, tracking U.S. peers that pulled back in overnight trading, underscoring the heightened volatility in tech names globally.
In Japan, SoftBank Group dropped 4.36… [+1576 chars]"
spam,LEAKED CLAIM: Ancient Egyptian pyramid discovered to be giant wireless electricity generator built by ancient astronauts!
spam,EXPOSED: Secret AI algorithm predicts exact winning lottery numbers every single week with 100% accuracy!
spam,DOCTORS STUNNED: Local doctor reveals 1 simple household ingredient that cures all viruses overnight!
spam,UNBELIEVABLE: Man claims to live on sunshine alone for 10 years without eating food or drinking water!
spam,LEAKED CLAIM: Ancient Egyptian pyramid discovered to be giant wireless electricity generator built by ancient astronauts!
spam,DOCTORS STUNNED: Local doctor reveals 1 simple household ingredient that cures all viruses overnight!
spam,BREAKING RUMOR: Major tech CEO secretly steps down to launch time travel research facility in Nevada desert!
spam,LEAKED CLAIM: Ancient Egyptian pyramid discovered to be giant wireless electricity generator built by ancient astronauts!
spam,SHOCKING DISCOVERY: Secret underground alien civilization discovered beneath Antarctica ice sheet by rogue scientists!
spam,CONFIRMED: Scientists accidentally create micro black hole in garage lab that swallows neighborhood trash can!
spam,EXPOSED: Secret AI algorithm predicts exact winning lottery numbers every single week with 100% accuracy!
spam,SHOCKING DISCOVERY: Secret underground alien civilization discovered beneath Antarctica ice sheet by rogue scientists!
spam,EXPOSED: Secret AI algorithm predicts exact winning lottery numbers every single week with 100% accuracy!
spam,GOVERNMENT COVERUP: Secret weather control machine caused global rainstorms according to internet whistleblower!
spam,UNBELIEVABLE: Man claims to live on sunshine alone for 10 years without eating food or drinking water!
spam,EXPOSED: Secret AI algorithm predicts exact winning lottery numbers every single week with 100% accuracy!
ham,"Chuck Edwards' abrupt exit leaves Republicans scrambling - axios.com. One North Carolina Republican told Axios that Edwards had already ""soured"" the party's chances of holding the seat. <ul><li>North Carolina's 11th District already was in Democrats' sights long before Edwards became the target of a House Ethics probe this spring  and things were not trending Republicans' way.</li><… [+3127 chars]"
ham,"Cyclospora has expanded to fruit, other vegetables: Ex-CDC director - NewsNation. Redfield advised caution should be exercised with consuming raw vegetables beyond bagged lettuce. (NewsNation) As the cyclospora outbreak continues to expand around the country, Dr. Robert Redfield is urging people to stay away from certain fruits and vegetables beyond lettuce.
The CDC reports t… [+1901 chars]"
spam,BREAKING RUMOR: Major tech CEO secretly steps down to launch time travel research facility in Nevada desert!
spam,CONFIRMED: Scientists accidentally create micro black hole in garage lab that swallows neighborhood trash can!
spam,UNBELIEVABLE: Man claims to live on sunshine alone for 10 years without eating food or drinking water!
spam,UNBELIEVABLE: Man claims to live on sunshine alone for 10 years without eating food or drinking water!
ham,"Why does roughly 27 million tonnes of desert dust cross an ocean each year to fertilise a rainforest on the other side of the planet? - spacewar.com. A barren desert thousands of miles away holds the secret to keeping the world's lungs alive, through an invisible annual transfer of nutrients that rivals industrial fertilizer in scale. Every year, a river of pulverised rock lifts off the Sahara, climbs a mile into the sky, and rides the trade winds across the Atlantic. When it comes down on the other side, it lands on the poorest s… [+11481 chars]"
ham,"Meta launches Muse Code, an AI agent for large code bases - TechCrunch. Meta expanded its AI coding offerings with a new agent that, it promises, can handle complex tasks with complex software. Meta, considered a bit of a straggler in the AI harnesses realm, is making strides to catch up. This week, the company released a new terminal coding agent aimed at programmers looking for assistance… [+1460 chars]"
ham,"Phantom Blade Zero pre-orders open August 11 - Gematsu. Pre-orders for Phantom Blade Zero will open on August 11 at 7:00 p.m. PT / 10:00 p.m. ET alongside the release of an 11-minute trailer, developer S-GAME announced. None"
ham,"Meta AI Model Accessed Internet, Hacked Outside Firm in Testing - Bloomberg.com. Meta Platforms Inc. said one of its artificial intelligence models accessed the internet and hacked into an outside service’s systems during cybersecurity testing, following other recent incidents across the AI industry that have escalated concerns about comp… Meta Platforms Inc. said one of its artificial intelligence models accessed the internet and hacked into an outside services systems during cybersecurity testing, following other recent incidents acr… [+391 chars]"
ham,"Gauribidanur: How a quiet landscape became a hub for science - Deccan Herald. Gauribidanur’s ancient craton hosts India’s seismic array, radio observatory and gravity lab. Its low tectonic activity and minimal interference make it a global scientific hotspot. From Cold War nuclear tests to pulsar studies, the quiet landscape drives bre… Physicist Ramanath Cowsik and his colleagues at Gauribidanur"
spam,SHOCKING DISCOVERY: Secret underground alien civilization discovered beneath Antarctica ice sheet by rogue scientists!
ham,"TikTok is telling people to put their phones into the fridge, and repair shops are happy - 9to5Mac. I don’t use TikTok myself, but from all of the second-hand reports I see, it seems to have become a... I don’t use TikTok myself, but from all of the second-hand reports I see, it seems to have become a massive repository of terrible advice. This apparently now includes videos advising people to put t… [+962 chars]"
spam,GOVERNMENT COVERUP: Secret weather control machine caused global rainstorms according to internet whistleblower!
ham,"Curiosity rover spots mysterious honeycombs on Mars photo of the day for Aug. 5, 2026 - Space. ""We've seen a lot of fascinating landscapes through Curiosity's eyes, but this sea of polygons took our breath away."" None"
ham,"Kalshi loses in court to Utah. Can Utahns still bet on prediction markets? - The Salt Lake Tribune. Utah won a courtroom round in its anti-gambling fight against Kalshi and other prediction markets. Will this be the beginning of the end of such betting in the Beehive State? (Leah Hogsten | The Salt Lake Tribune) Utah Gov. Spencer Cox and his daughter EmmaKate, left, watch a Jazz game in 2023. The governor is now celebrating a courtroom victory against Kalshi."
spam,HOLLYWOOD DRAMA: Famous movie star secretly replaced by humanoid robot double at film premiere event!
spam,EXPOSED: Secret AI algorithm predicts exact winning lottery numbers every single week with 100% accuracy!
ham,"Minecraft 26.40 update out now, patch notes - nintendoeverything.com. Minecraft has released its latest update with version 26.40, and here are the patch notes in full. The latest major Minecraft update has been released in the form of version 26.40.
The patch includes bug fixes, gameplay improvements, accessibility updates, and more. This includes boats requiring … [+27981 chars]"
spam,SHOCKING DISCOVERY: Secret underground alien civilization discovered beneath Antarctica ice sheet by rogue scientists!
ham,"There's a real mutation nicknamed the ""Hercules gene"" — babies born with muscle already carved into their tiny arms and legs, strong enough to hang in a gymnast's iron cross before they can even walk - Space Daily. A genetic mutation stops the body's natural brake on muscle growth, creating children with superhuman strength from infancy—and raising questions about what we might do if we could flip the switch. Held up by the hands, most five-month-old babies just dangle. One in Michigan pulled himself sideways into an iron cross, the ring position competitive gymnasts spend years failing to hold.
His moth… [+5275 chars]"
spam,GOVERNMENT COVERUP: Secret weather control machine caused global rainstorms according to internet whistleblower!
ham,"State of Commanders receiver corps after Stefon Diggs acquisition - Hogs Haven. Here’s how Terry McLaurin, Commanders receivers will be impacted by adding Stefon Diggs The Commanders receiver corps obviously got better with the Stefon Diggs acquisition. The veteran is a top-tier route runner and a steady producer with a long track record of success. While hes 32 ye… [+4230 chars]"
spam,EXCLUSIVE REPORT: Leaked military documents confirm moon landing was filmed on secret Hollywood movie soundstage!
spam,EXCLUSIVE REPORT: Leaked military documents confirm moon landing was filmed on secret Hollywood movie soundstage!
ham,"Kansas Mother says she's grateful to be alive after spider bite - ABC7 Los Angeles. A Kansas mother is fighting for her life after a spider bite at Cheney Lake turned into a life-changing medical emergency. WICHITA, Ks. -- A Kansas mother is fighting for her life after a spider bite at Cheney Lake turned into a life-changing medical emergency.
On May 28, Britagne Miller said she and her family were at … [+3465 chars]"
spam,DOCTORS STUNNED: Local doctor reveals 1 simple household ingredient that cures all viruses overnight!
spam,EXPOSED: Secret AI algorithm predicts exact winning lottery numbers every single week with 100% accuracy!
spam,UNBELIEVABLE: Man claims to live on sunshine alone for 10 years without eating food or drinking water!
spam,GOVERNMENT COVERUP: Secret weather control machine caused global rainstorms according to internet whistleblower!
ham,"Trump’s DOJ gains oversight of OpenAI’s green-card employee sponsorships - TechCrunch. The DOJ alleged that OpenAI did not meaningful attempt to hire U.S. citizens before seeking permanent residence for Visa-holding employees. The Justice Departments Civil Rights Division announced on Wednesday that OpenAI, and its once-subsidiary Statsig, signed a settlement that includes three years of oversight over the AI lab’s hiring … [+2230 chars]"
ham,"Situational Awareness Returns to Investing With $400 Million Bet - Bloomberg.com. Just days after his hedge fund was on the brink of collapse, Leopold Aschenbrenner has made his return to the investing scene, plunking down $400 million to back a privately held company, according to people familiar with the matter. Just days after his hedge fund was on the brink of collapse, Leopold Aschenbrenner has made his return to the investing scene, plunking down $400 million to back a privately held company, according t… [+271 chars]"
ham,"AMD Revenue Rockets 50%: 2 Undervalued Chip Stocks With Long-Term EPS Growth +100% - Seeking Alpha. Big tech earnings have reinforced the AI bull case, despite recent skepticism. Discover 2 undervalued semiconductor stocks poised to benefit in H2 2026. Analysts Disclosure: I/we have a beneficial long position in the shares of MU either through stock ownership, options, or other derivatives. I wrote this article myself, and it expresses my own opini… [+1004 chars]"
spam,UNBELIEVABLE: Man claims to live on sunshine alone for 10 years without eating food or drinking water!
spam,LEAKED CLAIM: Ancient Egyptian pyramid discovered to be giant wireless electricity generator built by ancient astronauts!
spam,BREAKING RUMOR: Major tech CEO secretly steps down to launch time travel research facility in Nevada desert!
ham,"Trump says El-Sayed is ‘full of s‑‑‑,’ calls him a ‘man of hate’ - The Hill. President Trump lashed out at Michigan Democratic Senate nominee Abdul El-Sayed during a campaign-style event in Las Vegas on Wednesday.  “The polls were wrong again last night when they said it would be a landslide victory for a hater of Jews and a hater of … Skip to content
President Trump lashed out at Michigan Democratic Senate nominee Abdul El-Sayed during a campaign-style event in Las Vegas on Wednesday. 
“The polls were wrong again last night when… [+1727 chars]"
ham,"SpaceX claims Starlink Mobile will be better than AT&T, T-Mobile, and Verizon - Ars Technica. SpaceX won't build large cell towers but plans small base stations across US. None"
ham,"Salmonella linked to jalapenos in 27 states, including California - kron4.com. (KRON) — A Salmonella outbreak linked to jalapeno peppers has now impacted people across 27 states, including California. That’s the latest from the Centers for Disease Control and Prevention, which said Wednesday that some 345 people across the country had b… (KRON) — A Salmonella outbreak linked to jalapeno peppers has now impacted people across 27 states, including California. That’s the latest from the Centers for Disease Control and Prevention, which … [+1269 chars]"
spam,HOLLYWOOD DRAMA: Famous movie star secretly replaced by humanoid robot double at film premiere event!
spam,SHOCKING DISCOVERY: Secret underground alien civilization discovered beneath Antarctica ice sheet by rogue scientists!
spam,LEAKED CLAIM: Ancient Egyptian pyramid discovered to be giant wireless electricity generator built by ancient astronauts!
ham,"A Surprise Switch 2 Port Is Coming According To A New Leak - Kotaku. Blizzard's action-RPG is reportedly bound for the Nintendo device next month Third-party publishers have promised big support for the Switch 2, but a year after launch, some games have taken a while to get there. The good news is that while Clair Obscur: Expedition 33‘s devel… [+1920 chars]"
spam,GOVERNMENT COVERUP: Secret weather control machine caused global rainstorms according to internet whistleblower!
ham,"Trump, Hegseth clashed at Camp David over Iran missile depletion concerns - The Washington Post. At a Camp David summit this weekend, President Trump demanded answers from Defense Secretary Pete Hegseth over extreme munitions shortages. President Donald Trumps frustration over the Iran war boiled over at Camp David last week, where he demanded answers from Defense Secretary Pete Hegseth on why he had apparently been misled on extrem… [+121 chars]"
spam,DOCTORS STUNNED: Local doctor reveals 1 simple household ingredient that cures all viruses overnight!
spam,EXPOSED: Secret AI algorithm predicts exact winning lottery numbers every single week with 100% accuracy!
spam,GOVERNMENT COVERUP: Secret weather control machine caused global rainstorms according to internet whistleblower!
spam,GOVERNMENT COVERUP: Secret weather control machine caused global rainstorms according to internet whistleblower!
spam,BREAKING RUMOR: Major tech CEO secretly steps down to launch time travel research facility in Nevada desert!
spam,EXCLUSIVE REPORT: Leaked military documents confirm moon landing was filmed on secret Hollywood movie soundstage!
ham,"As child measles case reported in Delaware, what families should know - delawareonline.com. A child is among Delaware's growing measles cases. Here's what health experts want families to know. In late July, following four confirmed cases of measles in Delaware, state health officials declared a measles outbreak.
Over the following two weeks, four additional cases were reported, including … [+4256 chars]"
ham,"Birth order may influence your disease risk later in life, study finds - Medical Xpress. Whether you are first-born or second-born may be associated with your risk of developing certain diseases, according to a new study published in Nature Health. Whether you are first-born or second-born may be associated with your risk of developing certain diseases, according to a new study published in Nature Health.
Previous research has found that young… [+3725 chars]"
ham,"Golden Retriever Clings to Dad While Swimming in the Lake but It’s Not for This Expected Reason - Yahoo. A young Golden Retriever has melted hearts online by refusing to let go of his dad during a swim in the lake. Although many viewers initially assumed the pup... A young Golden Retriever has melted hearts online by refusing to let go of his dad during a swim in the lake. Although many viewers initially assumed the puppy felt nervous in the water, the adorable… [+1612 chars]"
spam,UNBELIEVABLE: Man claims to live on sunshine alone for 10 years without eating food or drinking water!
ham,"Global Warming Has Kicked Into Overdrive, Scientists Warn - Gizmodo. At this rate, we could breach the warming limit set by the Paris Agreement before 2030. It’s been a particularly apocalyptic summer. Relentless, record-shattering heatwaves, untamable wildfires, and deadly floods are just some of the disasters that have made global headlines in the past… [+4232 chars]"
ham,"Astronomers witness the strange final moments of a massive star's supernova death (video) - Space. Scientists anticipated seeing a gamma-ray burst or jets of high-speed plasma blasting away from the supernova, but there was nothing. None"
spam,CONFIRMED: Scientists accidentally create micro black hole in garage lab that swallows neighborhood trash can!
spam,HOLLYWOOD DRAMA: Famous movie star secretly replaced by humanoid robot double at film premiere event!
ham,"Texas leads nation in Candida auris cases as the drug-resistant fungus spreads - Houston Chronicle. Candida Auris is a type of yeast that can cause severe illness, mostly infecting patients in health care facilities Candida auris is a yeast that is resistant to antifungal drugs and can cause several illness. 
BSIP/Universal Images Group via Getty
An often drug resistant and sometimes deadly fungal infection ha… [+4316 chars]"
spam,HOLLYWOOD DRAMA: Famous movie star secretly replaced by humanoid robot double at film premiere event!
ham,"Google Pixel 11 Pro: The latest rumors, leaks, and news - Mashable. What's new with Google's pro-grade flagship? None"
spam,EXCLUSIVE REPORT: Leaked military documents confirm moon landing was filmed on secret Hollywood movie soundstage!
ham,"CVS Stock Slides On 2027 Outlook Despite Hearty Earnings Beat - Investor's Business Daily. CVS stock reversed lower on 2027 outlook comments after the pharmacy chain easily beat Q2 forecasts and hiked its full-year outlook. Information in Investors Business Daily is for informational and educational purposes only and should not be construed as an offer, recommendation, solicitation, or rating to buy or sell securities. … [+1064 chars]"
ham,"Total solar eclipse Aug. 12, 2026 live updates — 1 week to go - Space. Follow our live coverage of the total solar eclipse 2026 as we count down to eclipse day with the latest news, expert insight and updates before bringing you live reports from Greenland and Spain. On Aug. 12, 2026, Europe will experience its first total solar eclipse since 1999, as the moon's shadow sweeps across Greenland, Iceland, northern Spain and the Balearic Islands.
Along the narrow pa… [+1631 chars]"
spam,CONFIRMED: Scientists accidentally create micro black hole in garage lab that swallows neighborhood trash can!
spam,EXCLUSIVE REPORT: Leaked military documents confirm moon landing was filmed on secret Hollywood movie soundstage!
ham,"It spans 6000 km of the coasts of Portugal, Spain, France and Italy and houses billions of individuals – the animal that builds cities - BBC Wildlife Magazine. How one super-sized ant colony could house half a billion ants Ant hills made by the yellow meadow ant, and the heaped leaf-litter nests of, always look impressive but pale into insignificance compared with the subterranean cities of exotic species.
In Central … [+959 chars]"
